sumrec_CFI_SUB-BCF-FLA.bc,0.2857142857142857,6
mean,0.2857142857142857,6.0
std,0.0,0.0
median,0.2857142857142857,6.0
